log_n,witness_value,cumulative_max_witness_value
107.7176209387,1.7515197994,1.7515197994
109.7874005694,1.7517360865,1.7517360865
112.3523499269,1.7527459695,1.7527459695
117.0251787614,1.7539893074,1.7539893074
120.6179143549,1.7540805902,1.7540805902
121.0233794630,1.7542423005,1.7542423005
121.7165266436,1.7555914381,1.7555914381
125.7507672818,1.7557388541,1.7557388541
126.4439144623,1.7571834403,1.7571834403
131.2881015488,1.7573683823,1.7573683823
131.3594149709,1.6148716803,1.7573683823
136.1632988720,1.7576442196,1.7576442196
141.0832797978,1.7577763598,1.7577763598
146.0177537309,1.7582098230,1.7582098230
146.7109009115,1.7582594034,1.7582594034
150.9412325003,1.6791683970,1.7582594034
156.0389798737,1.7583130643,1.7583130643
156.7321270543,1.7584901609,1.7584901609
158.6780372033,1.7586043217,1.7586043217
161.7883728596,1.7586435000,1.7586435000
163.0411358281,1.7586606932,1.7586606932
163.3301459524,1.6740164931,1.7586606932
163.7342830087,1.7589166473,1.7589166473
168.8280332095,1.7591367562,1.7591367562
171.6612465535,1.7591773205,1.7591773205
172.5803129146,1.6789232176,1.7591773205
173.9460270219,1.7594257341,1.7594257341
176.7792403659,1.7596644021,1.7596644021
180.0270259574,1.7117609984,1.7596644021
181.9325319604,1.7600629367,1.7600629367
186.2922452031,1.6670579125,1.7600629367
187.1199177663,1.7603848309,1.7603848309
191.7172756033,1.6983034903,1.7603848309
192.3184147975,1.7608875816,1.7608875816
196.5110006918,1.7035245303,1.7608875816
197.5706882256,1.7610843879,1.7610843879
200.8204018909,1.6834713943,1.7610843879
202.8333784145,1.7614492726,1.7614492726
204.7341698682,1.7047489338,1.7614492726
208.1165821432,1.7618626851,1.7618626851
208.3271670405,1.6694984863,1.7618626851
211.6504747279,1.7180410434,1.7618626851
213.4098869680,1.7624238964,1.7624238964
214.7449901416,1.6847868284,1.7624238964
216.3543259471,1.7625585892,1.7625585892
217.6410016653,1.7133206287,1.7625585892
218.7617451014,1.7626363600,1.7626363600
220.3679550542,1.6864945627,1.7626363600
221.7061840806,1.7629003984,1.7629003984
222.8047963693,1.7629014642,1.7629014642
222.9414260374,1.7245102874,1.7629014642
225.3833596704,1.7257008368,1.7629014642
227.1133558521,1.7629410364,1.7629410364
227.7058635290,1.7250442740,1.7629410364
228.2119681407,1.7629873757,1.7629873757
229.9187941637,1.6783983267,1.7629873757
232.0365677165,1.7047057493,1.7629873757
232.5383058695,1.7630364612,1.7630364612
233.6369181582,1.7631258990,1.7631258990
234.0671879605,1.7363689588,1.7631258990
235.2463560706,1.7631669048,1.7631669048
236.0154384550,1.7296970654,1.7631669048
237.8897803534,1.7118539552,1.7631669048
237.9720278731,1.7632609685,1.7632609685
239.0706401618,1.7633914215,1.7633914215
239.6984923415,1.7313340724,1.7633914215
240.6800780742,1.7634917506,1.7634917506
241.4442845952,1.7241290720,1.7634917506
243.1305986093,1.7239069326,1.7634917506
243.4230663267,1.7635298248,1.7635298248
244.5216786153,1.7636994151,1.7636994151
244.7634783891,1.7141377760,1.7636994151
246.1311165278,1.7638563683,1.7638563683
246.3473007976,1.7101584382,1.7638563683
247.8841062892,1.7243841320,1.7638563683
249.3761278227,1.7302151002,1.7638563683
249.9981421673,1.7639741615,1.7639741615
250.8258554223,1.6736631251,1.7639741615
251.6075800797,1.7641852885,1.7641852885
252.2379126725,1.6871331393,1.7641852885
253.6142264789,1.7111437783,1.7641852885
254.9558562112,1.6918813903,1.7641852885
255.4829391007,1.7643587210,1.7643587210
255.9937647245,1.7643686315,1.7643686315
256.2643519821,1.6987916033,1.7643686315
256.6869119051,1.7643706122,1.7643706122
257.0923770132,1.7646215827,1.7646215827
257.5413399897,1.7140223270,1.7646215827
257.7855241937,1.7646278949,1.7646278949
258.7894632724,1.6966625996,1.7646278949
260.0106752493,1.7029468885,1.7646278949
261.2054135129,1.6907859333,1.7646278949
262.3749344624,1.6940937394,1.7646278949
262.6178299523,1.7648892239,1.7648892239
263.3109771329,1.7649167195,1.7649167195
263.5200123783,1.6914016977,1.7649167195
264.6416654211,1.6871532246,1.7649167195
265.7420301076,1.6963219349,1.7649167195
266.8221855432,1.7050095236,1.7649167195
267.8827190530,1.7209443993,1.7649167195
268.1669060372,1.7651310489,1.7651310489
268.8600532178,1.7651788583,1.7651788583
268.9241068367,1.7036850809,1.7651788583
269.9465846081,1.7093972145,1.7651788583
270.9512413048,1.6992248314,1.7651788583
271.9389782812,1.7118287628,1.7651788583
272.9102280723,1.7110875054,1.7651788583
273.7390600694,1.7653496787,1.7653496787
273.8665651714,1.6935099180,1.7653496787
274.4322072499,1.7654169804,1.7654169804
274.8080996668,1.7047988271,1.7654169804
275.7351648500,1.7138832783,1.7654169804
276.6477932912,1.6841978285,1.7654169804
277.5465738088,1.6919637805,1.7654169804
278.4320013089,1.7208162917,1.7654169804
279.3046719667,1.7346199051,1.7654169804
279.3337714490,1.7655474644,1.7655474644
280.0269186295,1.7656334817,1.7656334817
280.1650898671,1.7268092393,1.7656334817
281.0140639711,1.7052809784,1.7656334817
281.8515559460,1.7171539412,1.7656334817
282.6782202163,1.7105717432,1.7656334817
283.4937394660,1.6911548543,1.7656334817
284.2983064024,1.7166745878,1.7656334817
284.9358902699,1.7658370115,1.7658370115
285.0925757500,1.7196931642,1.7658370115
285.6290374504,1.7659409702,1.7659409702
285.8766214355,1.7260827438,1.7659409702
286.6510265573,1.6973089739,1.7659409702
287.4162289679,1.7122702225,1.7659409702
288.1725798508,1.7020465405,1.7659409702
288.9202641851,1.7104273174,1.7659409702
289.6592303181,1.7063530092,1.7659409702
290.3897626419,1.7188046546,1.7659409702
290.5599077761,1.7661046720,1.7661046720
291.1119356421,1.7136846351,1.7661046720
291.2530549566,1.7662258828,1.7662258828
291.8258608779,1.7093795592,1.7662258828
292.5318595784,1.6967534020,1.7662258828
293.2302396099,1.7126645502,1.7662258828
293.9211852949,1.7204973858,1.7662258828
294.6050315959,1.7037098360,1.7662258828
295.2821871785,1.7212419423,1.7662258828
295.9524497509,1.7132507142,1.7662258828
296.1982624454,1.7664041786,1.7664041786
296.6161825450,1.7001326066,1.7664041786
296.8914096259,1.7665419719,1.7665419719
297.2732414179,1.7286476359,1.7665419719
297.9238240755,1.7116378753,1.7665419719
298.5680991012,1.6880240837,1.7665419719
299.2060488570,1.7222724917,1.7665419719
299.8380607611,1.6902070647,1.7665419719
300.4641591029,1.7179223597,1.7665419719
301.0846061055,1.7207951897,1.7665419719
301.6994775438,1.7310785205,1.7665419719
301.8437093430,1.7667844764,1.7667844764
302.3091028107,1.7043590511,1.7667844764
302.5368565236,1.7669382053,1.7669382053
302.9135892052,1.7105696426,1.7669382053
303.5127177044,1.6902037123,1.7669382053
304.1070640534,1.7143853160,1.7669382053
304.6960986620,1.7198024698,1.7669382053
305.2803342891,1.7157037855,1.7669382053
305.6723507395,1.7669497918,1.7669497918
305.8596782115,1.7111543390,1.7669497918
306.4341613556,1.7240654372,1.7669497918
307.0040051571,1.7164771922,1.7669497918
307.5238819521,1.7670448918,1.7670448918
307.5694047742,1.7084236785,1.7670448918
308.1302156760,1.7171333491,1.7670448918
308.2170291326,1.7672140028,1.7672140028
308.6867553899,1.7160221086,1.7672140028
309.2390444703,1.6964013741,1.7672140028
309.7874438270,1.7117637374,1.7672140028
310.3318199000,1.7392344533,1.7672140028
310.8719762895,1.7193460996,1.7672140028
311.3525233485,1.7672941243,1.7672941243
311.4084033876,1.7117197038,1.7672941243
311.9408941111,1.7054333712,1.7672941243
312.4695974341,1.7037283649,1.7672941243
312.9943656689,1.7030299414,1.7672941243
313.5156608022,1.7543490893,1.7672941243
314.0330055189,1.7125182217,1.7672941243
314.5470021327,1.7100247851,1.7672941243
315.0573911246,1.7027559598,1.7672941243
315.5644136658,1.6963325238,1.7672941243
316.0681655318,1.7001438430,1.7672941243
316.5687062300,1.7080504839,1.7672941243
317.0660242597,1.7017610752,1.7672941243
317.0793710961,1.7674395011,1.7674395011
317.5603209175,1.7062447158,1.7674395011
318.0513148823,1.7243546473,1.7674395011
318.5393648063,1.7083383987,1.7674395011
319.0245096348,1.7405460634,1.7674395011
319.5064339186,1.7104726946,1.7674395011
319.9854675165,1.7057276185,1.7674395011
320.4616757477,1.6991631851,1.7674395011
320.9349090274,1.7051226831,1.7674395011
321.4052932264,1.7074787452,1.7674395011
321.8729983189,1.6928990787,1.7674395011
322.3377542634,1.7152310503,1.7674395011
322.8001600681,1.7035890100,1.7674395011
322.8191640083,1.7676163327,1.7676163327
323.2598653251,1.7220414418,1.7676163327
323.7169262822,1.7160780321,1.7676163327
324.1717249638,1.7353624465,1.7676163327
324.6239236305,1.7228210118,1.7676163327
325.0735429630,1.7169299064,1.7676163327
325.5209560977,1.7173640663,1.7676163327
325.9659046387,1.7309062393,1.7676163327
326.4085714069,1.7199984060,1.7676163327
326.8486915380,1.7162781919,1.7676163327
327.2866348268,1.7187993391,1.7676163327
327.7223406204,1.7140510228,1.7676163327
327.8722200183,1.7676450982,1.7676450982
328.1556299571,1.6857259246,1.7676450982
328.5653671988,1.7678645307,1.7678645307
328.5867148653,1.7285187041,1.7678645307
329.0157613676,1.7010541166,1.7678645307
329.4424850842,1.7202990642,1.7678645307
329.8672191733,1.7002045908,1.7678645307
330.2897947845,1.7296992489,1.7678645307
330.7104290610,1.7024460898,1.7678645307
331.1290787044,1.7122324244,1.7678645307
331.5457040856,1.7197667856,1.7678645307
331.9605071282,1.7050420600,1.7678645307
332.3731891114,1.7144234085,1.7678645307
332.7840707783,1.7401584466,1.7678645307
333.1931022083,1.7038899197,1.7678645307
333.6003258856,1.7204293424,1.7678645307
333.6311217922,1.7679071292,1.7679071292
334.0054289598,1.7122275992,1.7679071292
334.3242689727,1.7681396034,1.7681396034
334.4089181948,1.6937698083,1.7681396034
334.8105382500,1.7133010706,1.7681396034
335.2102989113,1.7049495534,1.7681396034
335.6085624189,1.7254880154,1.7681396034
336.0048209194,1.7163848433,1.7681396034
336.3994249334,1.7094760323,1.7681396034
336.7924027663,1.7111682901,1.7681396034
337.1836059675,1.7159750019,1.7681396034
337.5731788516,1.7120135288,1.7681396034
337.9612838805,1.7063426661,1.7681396034
338.3476837638,1.7361842321,1.7681396034
338.7326255213,1.7138143210,1.7681396034
339.1159109086,1.7238282090,1.7681396034
339.4977575633,1.7235585339,1.7681396034
339.8780441757,1.7130394282,1.7681396034
340.1263873481,1.7682467840,1.7682467840
340.2568873477,1.7369110517,1.7682467840
340.6342311165,1.7273668233,1.7682467840
341.0100839290,1.7099938713,1.7682467840
341.3844003571,1.7161737897,1.7682467840
341.7574428052,1.6964071798,1.7682467840
342.1289056303,1.7187806630,1.7682467840
342.4989772654,1.7065445008,1.7682467840
342.8677415223,1.6992858527,1.7682467840
343.2350440494,1.7218079390,1.7682467840
343.6010881271,1.7205868242,1.7682467840
343.9657016986,1.7126084810,1.7682467840
344.3291180612,1.7165674534,1.7682467840
344.6910618091,1.7055850830,1.7682467840
345.0519220127,1.7177827976,1.7682467840
345.4113776608,1.7075110035,1.7682467840
345.7695847390,1.7062057429,1.7682467840
345.9464702785,1.7683468671,1.7683468671
346.1266338087,1.7121573018,1.7683468671
346.4824057120,1.7131471273,1.7683468671
346.8370296008,1.7155088828,1.7683468671
347.1903672306,1.7059794371,1.7683468671
347.5425607381,1.7234337887,1.7683468671
347.8936811324,1.7194792982,1.7683468671
348.2435817346,1.7018031671,1.7683468671
348.5922504612,1.7155817450,1.7683468671
348.9398893882,1.7072885925,1.7683468671
349.2864079347,1.7114209899,1.7683468671
349.6317691325,1.7167009759,1.7683468671
349.9759578673,1.7162448184,1.7683468671
350.3191687527,1.7149906518,1.7683468671
350.6612333099,1.7236339011,1.7683468671
351.0023181271,1.7110241764,1.7683468671
351.3422582995,1.7127638064,1.7683468671
351.6812078619,1.7090356304,1.7683468671
351.7957950584,1.7683713740,1.7683713740
352.0191666347,1.7116150273,1.7683713740
352.3560506800,1.7134235443,1.7683713740
352.6920041055,1.7004073848,1.7683713740
353.0269173241,1.7259760619,1.7683713740
353.3610113918,1.7041273277,1.7683713740
353.6939481526,1.7375390958,1.7683713740
354.0261609478,1.7262511465,1.7683713740
354.3571970748,1.7124832351,1.7683713740
354.6874601333,1.7099498062,1.7683713740
355.0167749634,1.7047918094,1.7683713740
355.3451913124,1.7361608889,1.7683713740
355.6726656496,1.7183193823,1.7683713740
355.9992357489,1.7122494991,1.7683713740
356.3249494656,1.7192653310,1.7683713740
356.6496985351,1.7323481735,1.7683713740
356.9738463534,1.7150608831,1.7683713740
357.2967797816,1.7135551758,1.7683713740
357.6191999313,1.6919226791,1.7683713740
357.6508669806,1.7684595507,1.7684595507
357.9406231147,1.6992546801,1.7684595507
358.2612378166,1.7031690340,1.7684595507
358.5810707169,1.7059595231,1.7684595507
358.8999999931,1.7171581730,1.7684595507
359.2182282397,1.7378023164,1.7684595507
359.5355794348,1.7387646782,1.7684595507
359.8522477746,1.6970748904,1.7684595507
360.1680798046,1.6973961362,1.7684595507
360.4831246964,1.7104420081,1.7684595507
360.7975389567,1.7163624681,1.7684595507
361.1111854210,1.7124437972,1.7684595507
361.4241880849,1.7022669116,1.7684595507
361.7363032742,1.6956381544,1.7684595507
362.0477425135,1.6918657321,1.7684595507
362.3585417420,1.7359645911,1.7684595507
362.6686179587,1.7209191450,1.7684595507
362.9779886252,1.7105566310,1.7684595507
363.2866214009,1.7038356868,1.7684595507
363.5173350375,1.7685754108,1.7685754108
363.5946614051,1.7185456187,1.7685754108
363.9020295490,1.7288911309,1.7685754108
364.2086226728,1.7277722356,1.7685754108
364.5147474618,1.7103626215,1.7685754108
364.8199709373,1.7133799191,1.7685754108
365.1247798329,1.7192694057,1.7685754108
365.4287670593,1.6992544149,1.7685754108
365.7323690521,1.6989565361,1.7685754108
366.0351870146,1.7073013663,1.7685754108
366.3373723158,1.7220056941,1.7685754108
366.6390091195,1.7137335095,1.7685754108
366.9399871355,1.7137991830,1.7685754108
367.2404702737,1.7174621150,1.7685754108
367.5403329964,1.7051610152,1.7685754108
367.8396700144,1.7336161255,1.7685754108
368.1384366341,1.7126525840,1.7685754108
368.4366637822,1.7063851618,1.7685754108
368.7342087852,1.7139953439,1.7685754108
369.0312686540,1.7215283994,1.7685754108
369.3279132374,1.7139349557,1.7685754108
369.4006574260,1.7686855164,1.7686855164
369.6239400980,1.7150373060,1.7686855164
369.9194112949,1.7151976560,1.7686855164
370.2143939224,1.7083200371,1.7686855164
370.5088927499,1.7128429545,1.7686855164
370.8027761162,1.7178861846,1.7686855164
371.0963363370,1.7225489074,1.7686855164
371.3893172144,1.7226375705,1.7686855164
371.6817638489,1.7065112976,1.7686855164
371.9737158456,1.7044891666,1.7686855164
372.2652401878,1.7076640446,1.7686855164
372.5562614502,1.7170120114,1.7686855164
372.8469191923,1.7126090591,1.7686855164
373.1371254197,1.7142589106,1.7686855164
373.4267605939,1.7026138299,1.7686855164
373.7158977833,1.7256792729,1.7686855164
374.0047367447,1.7263302503,1.7686855164
374.2931319845,1.7307662166,1.7686855164
374.5810730153,1.7059520632,1.7686855164
374.8686334229,1.7194332511,1.7686855164
375.1557417827,1.7054778248,1.7686855164
375.3060192741,1.7687597437,1.7687597437
375.4424604717,1.7223374759,1.7687597437
375.7287761957,1.6958385174,1.7687597437
376.0147499975,1.7083989520,1.7687597437
376.3003888482,1.7339011861,1.7687597437
376.5855005695,1.7104213604,1.7687597437
376.8702950526,1.6980312383,1.7687597437
377.1547033192,1.7077886206,1.7687597437
377.4388482059,1.7266284830,1.7687597437
377.7225160078,1.7222451729,1.7687597437
378.0059252195,1.7051775688,1.7687597437
378.2888538436,1.7390095043,1.7687597437
378.5715670297,1.7202100069,1.7687597437
378.8538932220,1.7145816235,1.7687597437
379.1359790336,1.7134800354,1.7687597437
379.4175776471,1.7118001421,1.7687597437
379.6989179642,1.6985380252,1.7687597437
379.9800678348,1.7174214928,1.7687597437
380.2607760925,1.7095976711,1.7687597437
380.5412205961,1.7249819376,1.7687597437
380.8212734599,1.7147477424,1.7687597437
381.1011216860,1.7118172750,1.7687597437
381.2275976937,1.7688303488,1.7688303488
381.3808053714,1.7259484955,1.7688303488
381.6600026545,1.7176052390,1.7688303488
381.9390073724,1.7082131367,1.7688303488
382.2177967472,1.6981488536,1.7688303488
382.4961975813,1.7097108072,1.7688303488
382.7745847157,1.7323245828,1.7688303488
383.0524754117,1.7122957462,1.7688303488
383.3301223528,1.7129557849,1.7688303488
383.6076769144,1.7071063922,1.7688303488
383.8848508803,1.7067660068,1.7688303488
384.1620019124,1.7153118254,1.7688303488
384.4387395508,1.7174870628,1.7688303488
384.7153503742,1.7072869163,1.7688303488
384.9917952209,1.7301460372,1.7688303488
385.2678453601,1.7156525897,1.7688303488
385.5438682455,1.7169477585,1.7688303488
385.8195744005,1.7198107447,1.7688303488
386.0952077135,1.6962625925,1.7688303488
386.3706116097,1.7373094502,1.7688303488
386.6457372135,1.7215554409,1.7688303488
386.9207963031,1.7177404869,1.7688303488
387.1651338988,1.7688977455,1.7688977455
387.1956160476,1.7050577333,1.7688977455
387.4703553809,1.7270973048,1.7688977455
387.7448436982,1.7318492621,1.7688977455
388.0192501720,1.7008265359,1.7688977455
388.2933675897,1.7129795111,1.7688977455
388.5675310872,1.7040591395,1.7688977455
388.8413974486,1.7021610707,1.7688977455
389.1151824072,1.7234410299,1.7688977455
389.3888256519,1.7387963598,1.7688977455
389.6623449391,1.7163687357,1.7688977455
389.9357784193,1.7073772962,1.7688977455
390.2090495894,1.7166592076,1.7688977455
390.4822488111,1.7163718269,1.7688977455
390.7553339376,1.7028356991,1.7688977455
391.0283462757,1.7106269598,1.7688977455
391.3012512741,1.7277239758,1.7688977455
391.5740145580,1.7293396063,1.7688977455
391.8467132147,1.6956180763,1.7688977455
392.1194380111,1.7272060756,1.7688977455
392.3920227059,1.7149509619,1.7688977455
392.6645040288,1.7115849632,1.7688977455
392.9369101759,1.7381271069,1.7688977455
393.1131688880,1.7689901658,1.7689901658
393.2093246959,1.7176228178,1.7689901658
393.4817618388,1.7017752176,1.7689901658
393.7539716248,1.7149972731,1.7689901658
394.0262215602,1.7008730920,1.7689901658
394.2984582143,1.7176780038,1.7689901658
394.5706828588,1.7139469686,1.7689901658
394.8429298898,1.7059226816,1.7689901658
395.1150364133,1.7042332159,1.7689901658
395.3871632974,1.7147701927,1.7689901658
395.6593676267,1.7259009815,1.7689901658
395.9314831694,1.7112471409,1.7689901658
396.2036171667,1.7088847994,1.7689901658
396.4757700292,1.7388380653,1.7689901658
396.7480121380,1.7099929999,1.7689901658
397.0202532880,1.7391809398,1.7689901658
397.2924479637,1.7277408952,1.7689901658
397.5647428344,1.7238254349,1.7689901658
397.8370958274,1.7153270377,1.7689901658
398.1095130568,1.7079144205,1.7689901658
398.3817976975,1.7159477716,1.7689901658
398.6543961556,1.7140204617,1.7689901658
398.9268643350,1.7103306159,1.7689901658
399.1995699532,1.7089193329,1.7689901658
399.4722353572,1.7270577745,1.7689901658
399.7450221420,1.7140144708,1.7689901658
400.0179763152,1.7128583227,1.7689901658
400.2909546210,1.7124335931,1.7689901658
400.5640657545,1.7035962949,1.7689901658
400.8372582546,1.7184398557,1.7689901658
401.1105745091,1.7119854112,1.7689901658
401.3840585491,1.7164444455,1.7689901658
401.6577504033,1.7190455576,1.7689901658
401.9313339397,1.7061201056,1.7689901658
402.2053825182,1.7260736919,1.7689901658
402.4793825183,1.7136801643,1.7689901658
402.7536458949,1.7205778857,1.7689901658
403.0280636981,1.7114316670,1.7689901658
403.3026131825,1.7225871071,1.7689901658
403.5773655111,1.7242716206,1.7689901658
403.8524045720,1.7294681697,1.7689901658
404.1274885441,1.7162792185,1.7689901658
404.4029333431,1.7110418627,1.7689901658
404.6785816363,1.7085434809,1.7689901658
404.9544060422,1.7085433406,1.7689901658
405.2304800593,1.7077553777,1.7689901658
405.5067257049,1.7422736467,1.7689901658
405.7833301527,1.7143578416,1.7689901658
406.0601704879,1.7014331607,1.7689901658
406.3373431252,1.7374862422,1.7689901658
406.6147036849,1.7220455708,1.7689901658
406.8923648896,1.7055616737,1.7689901658
407.1702748303,1.7277022854,1.7689901658
407.4486427193,1.7204982574,1.7689901658
407.7272706012,1.7050360446,1.7689901658
408.0062662023,1.7224396465,1.7689901658
408.2854662809,1.7239948942,1.7689901658
408.5651287980,1.7345936949,1.7689901658
408.8452129626,1.7235009193,1.7689901658
409.1254759615,1.7140948446,1.7689901658
409.4063044261,1.7177571762,1.7689901658
409.6874329778,1.7050424842,1.7689901658
409.9691003534,1.7188353780,1.7689901658
410.2510181060,1.6981455774,1.7689901658
410.5335056292,1.7096043830,1.7689901658
410.8162625785,1.7139741858,1.7689901658
411.0996381312,1.7134478154,1.7689901658
411.3834145759,1.6998939848,1.7689901658
411.6676095872,1.7125300948,1.7689901658
411.9524733896,1.7093015333,1.7689901658
412.2376781218,1.7155458020,1.7689901658
412.5234342926,1.7042430512,1.7689901658
412.8097948300,1.6976150006,1.7689901658
413.0966036957,1.7160014510,1.7689901658
413.3839454730,1.7130114832,1.7689901658
413.6719526892,1.7160929300,1.7689901658
413.9604874705,1.7133206611,1.7689901658
414.2497101390,1.7325523764,1.7689901658
414.5394702272,1.7287339800,1.7689901658
414.8298634844,1.7100312925,1.7689901658
415.1209179979,1.7289565974,1.7689901658
415.4126554275,1.7202265634,1.7689901658
415.7050499668,1.7396567294,1.7689901658
415.9981392143,1.7111128255,1.7689901658
416.2920357458,1.7195418082,1.7689901658
416.5866435676,1.7007150086,1.7689901658
416.8818984486,1.7331501369,1.7689901658
417.1780894709,1.7444403341,1.7689901658
417.4750209825,1.7205852341,1.7689901658
417.7728890211,1.7118377922,1.7689901658
418.0714369574,1.7132549037,1.7689901658
418.3708351307,1.7154721761,1.7689901658
418.6711650584,1.7169369864,1.7689901658
418.9724240493,1.7068268823,1.7689901658
419.2746421550,1.7229811060,1.7689901658
419.5777290523,1.7110569676,1.7689901658
419.8818484343,1.7354045401,1.7689901658
420.1869395979,1.7095674643,1.7689901658
420.4930393788,1.6996195097,1.7689901658
420.8002067362,1.7030597390,1.7689901658
421.1084273368,1.7028972330,1.7689901658
421.4177589242,1.7172189040,1.7689901658
421.7282010857,1.7173137889,1.7689901658
422.0396951293,1.7093087027,1.7689901658
422.3524332396,1.7060636872,1.7689901658
422.6664056883,1.7329905678,1.7689901658
422.9814272383,1.7234536397,1.7689901658
423.2979141638,1.7085873991,1.7689901658
423.6155322975,1.7165470448,1.7689901658
423.9344795370,1.7314135666,1.7689901658
424.2547721505,1.7109206699,1.7689901658
424.5763429275,1.7285000756,1.7689901658
424.8994198223,1.7095700763,1.7689901658
425.2237963335,1.7019587975,1.7689901658
425.5496044464,1.7244402659,1.7689901658
425.8768500352,1.7068288300,1.7689901658
426.2056277655,1.7128769599,1.7689901658
426.5358907371,1.7062998598,1.7689901658
426.8677408356,1.7224769522,1.7689901658
427.2010644387,1.7242206849,1.7689901658
427.5360264626,1.7049575314,1.7689901658
427.8725599758,1.7213555063,1.7689901658
428.2105513776,1.7288000444,1.7689901658
428.5504970998,1.7089651354,1.7689901658
428.8918915146,1.7122424036,1.7689901658
429.2350061084,1.7035579214,1.7689901658
429.5798068141,1.7200546618,1.7689901658
429.9263367316,1.7199870464,1.7689901658
430.2747151494,1.7221214282,1.7689901658
430.6248003745,1.7121936725,1.7689901658
430.9766866091,1.7168096170,1.7689901658
431.3304351439,1.7129431992,1.7689901658
431.6859582685,1.7104611802,1.7689901658
432.0432970604,1.7186521981,1.7689901658
432.4026754437,1.7150555533,1.7689901658
432.7637351919,1.7068113959,1.7689901658
433.1269025350,1.7178950495,1.7689901658
433.4919247136,1.7169485049,1.7689901658
433.8589531170,1.7048274802,1.7689901658
434.2279395715,1.7312165608,1.7689901658
434.5989409626,1.7221702388,1.7689901658
434.9720603639,1.7041207378,1.7689901658
435.3470641335,1.7158098525,1.7689901658
435.7242746817,1.7177083181,1.7689901658
436.1036035010,1.7245441657,1.7689901658
436.4851794308,1.7032442773,1.7689901658
436.8687221618,1.7108870520,1.7689901658
437.2547363557,1.7118067545,1.7689901658
437.6428329675,1.7021546271,1.7689901658
438.0333481548,1.7199688360,1.7689901658
438.4261011858,1.7022068353,1.7689901658
438.8211053027,1.7292360694,1.7689901658
439.2187336392,1.7109000943,1.7689901658
439.6187584591,1.7069885497,1.7689901658
440.0212769443,1.7125213265,1.7689901658
440.4262177027,1.7153417004,1.7689901658
440.8337820225,1.7085413707,1.7689901658
441.2441759171,1.7282337337,1.7689901658
441.6571013404,1.7160561148,1.7689901658
442.0726619747,1.7036855730,1.7689901658
442.4912586705,1.7265732300,1.7689901658
442.9124988495,1.7211685055,1.7689901658
443.3368662899,1.7052658415,1.7689901658
443.7640706864,1.7144082236,1.7689901658
444.1942647265,1.7144594182,1.7689901658
444.6275861474,1.7109443756,1.7689901658
445.0641741228,1.7057198268,1.7689901658
445.5040060624,1.7290302056,1.7689901658
445.9471118877,1.7131155867,1.7689901658
446.3937961106,1.7220862764,1.7689901658
446.8437733682,1.7083899068,1.7689901658
447.2974332992,1.7094129403,1.7689901658
447.7550205110,1.7166991393,1.7689901658
448.2160887305,1.7049061997,1.7689901658
448.6810894673,1.7153194808,1.7689901658
449.1501397879,1.7093128491,1.7689901658
449.6233390447,1.7088544159,1.7689901658
450.1008460549,1.7160762723,1.7689901658
450.5827319893,1.7131838286,1.7689901658
451.0687942179,1.7129171402,1.7689901658
451.5596970085,1.7221184823,1.7689901658
452.0555246278,1.7308929722,1.7689901658
452.5560634395,1.7071661246,1.7689901658
453.0616892241,1.7220341156,1.7689901658
453.5724095826,1.7259376300,1.7689901658
454.0885156501,1.7151446781,1.7689901658
454.6103622977,1.7103163377,1.7689901658
455.1378307920,1.7189073444,1.7689901658
455.6713837132,1.7106698000,1.7689901658
456.2110324959,1.7167782360,1.7689901658
456.7571113576,1.7196529844,1.7689901658
457.3098462073,1.7292545449,1.7689901658
457.8693536501,1.7247927438,1.7689901658
458.4363337296,1.7063589661,1.7689901658
459.0106125759,1.6980250849,1.7689901658
459.5927479477,1.7099300765,1.7689901658
460.1828796342,1.7111914141,1.7689901658
460.7814578629,1.7143899931,1.7689901658
461.3888496418,1.7221421117,1.7689901658
462.0050885244,1.7210153820,1.7689901658
462.6311355193,1.7210425368,1.7689901658
463.2668081316,1.7039768916,1.7689901658
463.9130394853,1.7126529805,1.7689901658
464.5701449033,1.7251436023,1.7689901658
465.2386223785,1.7127740559,1.7689901658
465.9194205861,1.7158738761,1.7689901658
466.6128338506,1.7042885642,1.7689901658
467.3194942229,1.7188578931,1.7689901658
468.0404559500,1.7248386823,1.7689901658
468.7765170874,1.7253619497,1.7689901658
469.5284087659,1.7005914592,1.7689901658
470.2969759621,1.7084636357,1.7689901658
471.0832505266,1.7052420956,1.7689901658
471.8882662206,1.7073541136,1.7689901658
472.7134939530,1.7110119306,1.7689901658
473.5600556969,1.7029606610,1.7689901658
474.4293693573,1.7100579818,1.7689901658
475.3239115385,1.7287003015,1.7689901658
476.2451345431,1.7064735724,1.7689901658
477.1954344858,1.6969597365,1.7689901658
478.1773460985,1.7151411022,1.7689901658
479.1937724340,1.7065385571,1.7689901658
480.2470877491,1.7004637332,1.7689901658
481.3417071819,1.7166837566,1.7689901658
482.4814671836,1.7106605845,1.7689901658
483.6714594372,1.7258322055,1.7689901658
484.9171531143,1.7086884357,1.7689901658
486.2269418260,1.7220164322,1.7689901658
487.6085130938,1.7238464642,1.7689901658
489.0731062431,1.7137349655,1.7689901658
490.6339961366,1.7116862292,1.7689901658
492.3061940784,1.7111920545,1.7689901658
494.1110918482,1.7083983961,1.7689901658
496.0783751065,1.6957076042,1.7689901658
498.2493603286,1.7103595311,1.7689901658
500.6795770885,1.7065768429,1.7689901658
503.4554853269,1.7028662973,1.7689901658
506.7150144487,1.7102269071,1.7689901658
510.7196283501,1.7055940610,1.7689901658
516.0211519533,1.7027320279,1.7689901658
524.2881976027,1.7034597913,1.7689901658
